{
  "project_info": {
    "project_number": "626096822638",
    "firebase_url": "https://attenditude-default-rtdb.firebaseio.com",
    "project_id": "attenditude",
    "storage_bucket": "attenditude.appspot.com"
  },
  "client": [
    {
      "client_info": {
        "mobilesdk_app_id": "1:626096822638:android:dc27fbd6366b9aac08897f",
        "android_client_info": {
          "package_name": "com.example.attendance"
        }
      },
      "oauth_client": [
        {
          "client_id": "626096822638-vbuf0m2d6phtuno6m90pkno3ruee3vaj.apps.googleusercontent.com",
          "client_type": 3
        }
      ],
      "api_key": [
        {
          "current_key": "AIzaSyA-ynzPd1_TEXyfyakMz_QvJr3yNz2gdZk"
        }
      ],
      "services": {
        "appinvite_service": {
          "other_platform_oauth_client": [
            {
              "client_id": "626096822638-vbuf0m2d6phtuno6m90pkno3ruee3vaj.apps.googleusercontent.com",
              "client_type": 3
            }
          ]
        }
      }
    }
  ],
  "configuration_version": "1"
}